,medianhome,nitric,crime,industry,rooms,oldbuild,nearhighway,propertytax,studentteacher,lowerstatus
0,24000.0,0.538,0.00632,2.31,6.575,65.2,1,296.0,15.3,4.98
1,21600.0,0.469,0.02731,7.07,6.421,78.9,2,242.0,17.8,9.14
2,34700.0,0.469,0.02729,7.07,7.185,61.1,2,242.0,17.8,4.03
3,33400.0,0.458,0.032369999999999996,2.18,6.998,45.8,3,222.0,18.7,2.94
4,36200.0,0.458,0.06905,2.18,7.147,54.2,3,222.0,18.7,5.33
5,28700.0,0.458,0.02985,2.18,6.43,58.7,3,222.0,18.7,5.21
6,22900.0,0.524,0.08829,7.87,6.012,66.6,5,311.0,15.2,12.43
7,27100.0,0.524,0.14455,7.87,6.172,96.1,5,311.0,15.2,19.15
8,16500.0,0.524,0.21124,7.87,5.631,100.0,5,311.0,15.2,29.93
9,18900.0,0.524,0.17004,7.87,6.004,85.9,5,311.0,15.2,17.1
10,15000.0,0.524,0.22489,7.87,6.377,94.3,5,311.0,15.2,20.45
11,18900.0,0.524,0.11747,7.87,6.009,82.9,5,311.0,15.2,13.27
12,21700.0,0.524,0.09378,7.87,5.889,39.0,5,311.0,15.2,15.71
13,20400.0,0.538,0.62976,8.14,5.949,61.8,4,307.0,21.0,8.26
14,18200.0,0.538,0.6379600000000001,8.14,6.096,84.5,4,307.0,21.0,10.26
15,19900.0,0.538,0.62739,8.14,5.834,56.5,4,307.0,21.0,8.47
16,23100.0,0.538,1.05393,8.14,5.935,29.3,4,307.0,21.0,6.58
17,17500.0,0.538,0.7842,8.14,5.99,81.7,4,307.0,21.0,14.67
18,20200.0,0.538,0.80271,8.14,5.456,36.6,4,307.0,21.0,11.69
19,18200.0,0.538,0.7258,8.14,5.727,69.5,4,307.0,21.0,11.28
20,13600.0,0.538,1.25179,8.14,5.57,98.1,4,307.0,21.0,21.02
21,19600.0,0.538,0.8520399999999999,8.14,5.965,89.2,4,307.0,21.0,13.83
22,15200.0,0.538,1.2324700000000002,8.14,6.142,91.7,4,307.0,21.0,18.72
23,14500.0,0.538,0.9884299999999999,8.14,5.813,100.0,4,307.0,21.0,19.88
24,15600.0,0.538,0.75026,8.14,5.924,94.1,4,307.0,21.0,16.3
25,13900.0,0.538,0.84054,8.14,5.599,85.7,4,307.0,21.0,16.51
26,16600.0,0.538,0.67191,8.14,5.813,90.3,4,307.0,21.0,14.81
27,14800.0,0.538,0.9557700000000001,8.14,6.047,88.8,4,307.0,21.0,17.28
28,18400.0,0.538,0.77299,8.14,6.495,94.4,4,307.0,21.0,12.8
29,21000.0,0.538,1.00245,8.14,6.674,87.3,4,307.0,21.0,11.98
30,12700.0,0.538,1.13081,8.14,5.713,94.1,4,307.0,21.0,22.6
31,14500.0,0.538,1.3547200000000001,8.14,6.072,100.0,4,307.0,21.0,13.04
32,13200.0,0.538,1.38799,8.14,5.95,82.0,4,307.0,21.0,27.71
33,13100.0,0.538,1.15172,8.14,5.701,95.0,4,307.0,21.0,18.35
34,13500.0,0.538,1.6128200000000001,8.14,6.096,96.9,4,307.0,21.0,20.34
35,18900.0,0.499,0.06417,5.96,5.933,68.2,5,279.0,19.2,9.68
36,20000.0,0.499,0.09744,5.96,5.841,61.4,5,279.0,19.2,11.41
37,21000.0,0.499,0.08014,5.96,5.85,41.5,5,279.0,19.2,8.77
38,24700.0,0.499,0.17505,5.96,5.966,30.2,5,279.0,19.2,10.13
39,30800.0,0.428,0.027630000000000002,2.95,6.595,21.8,3,252.0,18.3,4.32
40,34900.0,0.428,0.033589999999999995,2.95,7.024,15.8,3,252.0,18.3,1.98
41,26600.0,0.448,0.12744,6.91,6.77,2.9,3,233.0,17.9,4.84
42,25300.0,0.448,0.1415,6.91,6.169,6.6,3,233.0,17.9,5.81
43,24700.0,0.448,0.15936,6.91,6.211,6.5,3,233.0,17.9,7.44
44,21200.0,0.448,0.12269000000000001,6.91,6.069,40.0,3,233.0,17.9,9.55
45,19300.0,0.448,0.17142000000000002,6.91,5.682,33.8,3,233.0,17.9,10.21
46,20000.0,0.448,0.18836,6.91,5.786,33.3,3,233.0,17.9,14.15
47,16600.0,0.448,0.22926999999999997,6.91,6.03,85.5,3,233.0,17.9,18.8
48,14400.0,0.448,0.25387,6.91,5.399,95.3,3,233.0,17.9,30.81
49,19400.0,0.448,0.21977,6.91,5.602,62.0,3,233.0,17.9,16.2
50,19700.0,0.439,0.08872999999999999,5.64,5.963,45.7,4,243.0,16.8,13.45
51,20500.0,0.439,0.04337,5.64,6.115,63.0,4,243.0,16.8,9.43
52,25000.0,0.439,0.0536,5.64,6.511,21.1,4,243.0,16.8,5.28
53,23400.0,0.439,0.04981,5.64,5.998,21.4,4,243.0,16.8,8.43
54,18900.0,0.41,0.0136,4.0,5.888,47.6,3,469.0,21.1,14.8
55,35400.0,0.403,0.01311,1.22,7.249,21.9,5,226.0,17.9,4.81
56,24700.0,0.41,0.02055,0.74,6.383,35.7,2,313.0,17.3,5.77
57,31600.0,0.411,0.01432,1.32,6.816,40.5,5,256.0,15.1,3.95
58,23300.0,0.453,0.15445,5.13,6.145,29.2,8,284.0,19.7,6.86
59,19600.0,0.453,0.10328,5.13,5.927,47.2,8,284.0,19.7,9.22
60,18700.0,0.453,0.14932,5.13,5.741,66.2,8,284.0,19.7,13.15
61,16000.0,0.453,0.17171,5.13,5.966,93.4,8,284.0,19.7,14.44
62,22200.0,0.453,0.11027,5.13,6.456,67.8,8,284.0,19.7,6.73
63,25000.0,0.453,0.1265,5.13,6.762,43.4,8,284.0,19.7,9.5
64,33000.0,0.4161,0.01951,1.38,7.104,59.5,3,216.0,18.6,8.05
65,23500.0,0.398,0.03584,3.37,6.29,17.8,4,337.0,16.1,4.67
66,19400.0,0.398,0.043789999999999996,3.37,5.787,31.1,4,337.0,16.1,10.24
67,22000.0,0.409,0.05789,6.07,5.878,21.4,4,345.0,18.9,8.1
68,17400.0,0.409,0.13554000000000002,6.07,5.594,36.8,4,345.0,18.9,13.09
69,20900.0,0.409,0.12816,6.07,5.885,33.0,4,345.0,18.9,8.79
70,24200.0,0.413,0.08826,10.81,6.417,6.6,4,305.0,19.2,6.72
71,21700.0,0.413,0.15875999999999998,10.81,5.961,17.5,4,305.0,19.2,9.88
72,22800.0,0.413,0.09164,10.81,6.065,7.8,4,305.0,19.2,5.52
73,23400.0,0.413,0.19539,10.81,6.245,6.2,4,305.0,19.2,7.54
74,24100.0,0.437,0.07896,12.83,6.273,6.0,5,398.0,18.7,6.78
75,21400.0,0.437,0.09512000000000001,12.83,6.286,45.0,5,398.0,18.7,8.94
76,20000.0,0.437,0.10153,12.83,6.279,74.5,5,398.0,18.7,11.97
77,20800.0,0.437,0.08707000000000001,12.83,6.14,45.8,5,398.0,18.7,10.27
78,21200.0,0.437,0.05646,12.83,6.232,53.7,5,398.0,18.7,12.34
79,20300.0,0.437,0.08387,12.83,5.874,36.6,5,398.0,18.7,9.1
80,28000.0,0.426,0.04113,4.86,6.727,33.5,4,281.0,19.0,5.29
81,23900.0,0.426,0.04462,4.86,6.619,70.4,4,281.0,19.0,7.22
82,24800.0,0.426,0.03659,4.86,6.302,32.2,4,281.0,19.0,6.72
83,22900.0,0.426,0.03551,4.86,6.167,46.7,4,281.0,19.0,7.51
84,23900.0,0.449,0.050589999999999996,4.49,6.389,48.0,3,247.0,18.5,9.62
85,26600.0,0.449,0.05735,4.49,6.63,56.1,3,247.0,18.5,6.53
86,22500.0,0.449,0.051879999999999996,4.49,6.015,45.1,3,247.0,18.5,12.86
87,22200.0,0.449,0.07151,4.49,6.121,56.8,3,247.0,18.5,8.44
88,23600.0,0.489,0.0566,3.41,7.007,86.3,2,270.0,17.8,5.5
89,28700.0,0.489,0.053020000000000005,3.41,7.079,63.1,2,270.0,17.8,5.7
90,22600.0,0.489,0.04684,3.41,6.417,66.1,2,270.0,17.8,8.81
91,22000.0,0.489,0.03932,3.41,6.405,73.9,2,270.0,17.8,8.2
92,22900.0,0.464,0.04203,15.04,6.442,53.6,4,270.0,18.2,8.16
93,25000.0,0.464,0.02875,15.04,6.211,28.9,4,270.0,18.2,6.21
94,20600.0,0.464,0.04294,15.04,6.249,77.3,4,270.0,18.2,10.59
95,28400.0,0.445,0.12204000000000001,2.89,6.625,57.8,2,276.0,18.0,6.65
96,21400.0,0.445,0.11504,2.89,6.163,69.6,2,276.0,18.0,11.34
97,38700.0,0.445,0.12082999999999999,2.89,8.069,76.0,2,276.0,18.0,4.21
98,43800.0,0.445,0.08187,2.89,7.82,36.9,2,276.0,18.0,3.57
99,33200.0,0.445,0.0686,2.89,7.416,62.5,2,276.0,18.0,6.19
100,27500.0,0.52,0.14866,8.56,6.727,79.9,5,384.0,20.9,9.42
101,26500.0,0.52,0.11432,8.56,6.781,71.3,5,384.0,20.9,7.67
102,18600.0,0.52,0.22876,8.56,6.405,85.4,5,384.0,20.9,10.63
103,19300.0,0.52,0.21161,8.56,6.137,87.4,5,384.0,20.9,13.44
104,20100.0,0.52,0.1396,8.56,6.167,90.0,5,384.0,20.9,12.33
105,19500.0,0.52,0.13262000000000002,8.56,5.851,96.7,5,384.0,20.9,16.47
106,19500.0,0.52,0.1712,8.56,5.836,91.9,5,384.0,20.9,18.66
107,20400.0,0.52,0.13117,8.56,6.127,85.2,5,384.0,20.9,14.09
108,19800.0,0.52,0.12802,8.56,6.474,97.1,5,384.0,20.9,12.27
109,19400.0,0.52,0.26363000000000003,8.56,6.229,91.2,5,384.0,20.9,15.55
110,21700.0,0.52,0.10793,8.56,6.195,54.4,5,384.0,20.9,13.0
111,22800.0,0.547,0.10084,10.01,6.715,81.6,6,432.0,17.8,10.16
112,18800.0,0.547,0.12329000000000001,10.01,5.913,92.9,6,432.0,17.8,16.21
113,18700.0,0.547,0.22211999999999998,10.01,6.092,95.4,6,432.0,17.8,17.09
114,18500.0,0.547,0.14231,10.01,6.254,84.2,6,432.0,17.8,10.45
115,18300.0,0.547,0.17134000000000002,10.01,5.928,88.2,6,432.0,17.8,15.76
116,21200.0,0.547,0.13158,10.01,6.176,72.5,6,432.0,17.8,12.04
117,19200.0,0.547,0.15098,10.01,6.021,82.6,6,432.0,17.8,10.3
118,20400.0,0.547,0.13058,10.01,5.872,73.1,6,432.0,17.8,15.37
119,19300.0,0.547,0.14476,10.01,5.731,65.2,6,432.0,17.8,13.61
120,22000.0,0.581,0.06899,25.65,5.87,69.7,2,188.0,19.1,14.37
121,20300.0,0.581,0.07165,25.65,6.004,84.1,2,188.0,19.1,14.27
122,20500.0,0.581,0.09299,25.65,5.961,92.9,2,188.0,19.1,17.93
123,17300.0,0.581,0.15037999999999999,25.65,5.856,97.0,2,188.0,19.1,25.41
124,18800.0,0.581,0.09849,25.65,5.879,95.8,2,188.0,19.1,17.58
125,21400.0,0.581,0.16902,25.65,5.986,88.4,2,188.0,19.1,14.81
126,15700.0,0.581,0.38735,25.65,5.613,95.6,2,188.0,19.1,27.26
127,16200.0,0.624,0.25915,21.89,5.693,96.0,4,437.0,21.2,17.19
128,18000.0,0.624,0.32543,21.89,6.431,98.8,4,437.0,21.2,15.39
129,14300.0,0.624,0.88125,21.89,5.637,94.7,4,437.0,21.2,18.34
130,19200.0,0.624,0.34006,21.89,6.458,98.9,4,437.0,21.2,12.6
131,19600.0,0.624,1.19294,21.89,6.326,97.7,4,437.0,21.2,12.26
132,23000.0,0.624,0.59005,21.89,6.372,97.9,4,437.0,21.2,11.12
133,18400.0,0.624,0.32982,21.89,5.822,95.4,4,437.0,21.2,15.03
134,15600.0,0.624,0.9761700000000001,21.89,5.757,98.4,4,437.0,21.2,17.31
135,18100.0,0.624,0.55778,21.89,6.335,98.2,4,437.0,21.2,16.96
136,17400.0,0.624,0.32264,21.89,5.942,93.5,4,437.0,21.2,16.9
137,17100.0,0.624,0.35233000000000003,21.89,6.454,98.4,4,437.0,21.2,14.59
138,13300.0,0.624,0.2498,21.89,5.857,98.2,4,437.0,21.2,21.32
139,17800.0,0.624,0.54452,21.89,6.151,97.9,4,437.0,21.2,18.46
140,14000.0,0.624,0.2909,21.89,6.174,93.6,4,437.0,21.2,24.16
141,14400.0,0.624,1.6286399999999999,21.89,5.019,100.0,4,437.0,21.2,34.41
142,13400.0,0.871,3.32105,19.58,5.403,100.0,5,403.0,14.7,26.82
143,15600.0,0.871,4.0974,19.58,5.468,100.0,5,403.0,14.7,26.42
144,11800.0,0.871,2.7797400000000003,19.58,4.903,97.8,5,403.0,14.7,29.29
145,13800.0,0.871,2.37934,19.58,6.13,100.0,5,403.0,14.7,27.8
146,15600.0,0.871,2.15505,19.58,5.628,100.0,5,403.0,14.7,16.65
147,14600.0,0.871,2.36862,19.58,4.926,95.7,5,403.0,14.7,29.53
148,17800.0,0.871,2.3309900000000003,19.58,5.186,93.8,5,403.0,14.7,28.32
149,15400.0,0.871,2.7339700000000002,19.58,5.597,94.9,5,403.0,14.7,21.45
150,21500.0,0.871,1.6566,19.58,6.122,97.3,5,403.0,14.7,14.1
151,19600.0,0.871,1.49632,19.58,5.404,100.0,5,403.0,14.7,13.28
152,15300.0,0.871,1.12658,19.58,5.012,88.0,5,403.0,14.7,12.12
153,19400.0,0.871,2.14918,19.58,5.709,98.5,5,403.0,14.7,15.79
154,17000.0,0.871,1.41385,19.58,6.129,96.0,5,403.0,14.7,15.12
155,15600.0,0.871,3.5350099999999998,19.58,6.152,82.6,5,403.0,14.7,15.02
156,13100.0,0.871,2.4466799999999997,19.58,5.272,94.0,5,403.0,14.7,16.14
157,41300.0,0.605,1.22358,19.58,6.943,97.4,5,403.0,14.7,4.59
158,24300.0,0.605,1.34284,19.58,6.066,100.0,5,403.0,14.7,6.43
159,23300.0,0.871,1.4250200000000002,19.58,6.51,100.0,5,403.0,14.7,7.39
160,27000.0,0.605,1.27346,19.58,6.25,92.6,5,403.0,14.7,5.5
161,50000.0,0.605,1.46336,19.58,7.489,90.8,5,403.0,14.7,1.73
162,50000.0,0.605,1.8337700000000001,19.58,7.802,98.2,5,403.0,14.7,1.92
163,50000.0,0.605,1.51902,19.58,8.375,93.9,5,403.0,14.7,3.32
164,22700.0,0.605,2.2423599999999997,19.58,5.854,91.8,5,403.0,14.7,11.64
165,25000.0,0.605,2.924,19.58,6.101,93.0,5,403.0,14.7,9.81
166,50000.0,0.605,2.01019,19.58,7.929,96.2,5,403.0,14.7,3.7
167,23800.0,0.605,1.8002799999999999,19.58,5.877,79.2,5,403.0,14.7,12.14
168,23800.0,0.605,2.3004,19.58,6.319,96.1,5,403.0,14.7,11.1
169,22300.0,0.605,2.4495299999999998,19.58,6.402,95.2,5,403.0,14.7,11.32
170,17400.0,0.605,1.2074200000000002,19.58,5.875,94.6,5,403.0,14.7,14.43
171,19100.0,0.605,2.3139,19.58,5.88,97.3,5,403.0,14.7,12.03
172,23100.0,0.51,0.13914,4.05,5.572,88.5,5,296.0,16.6,14.69
173,23600.0,0.51,0.09178,4.05,6.416,84.1,5,296.0,16.6,9.04
174,22600.0,0.51,0.08447,4.05,5.859,68.7,5,296.0,16.6,9.64
175,29400.0,0.51,0.06663999999999999,4.05,6.546,33.1,5,296.0,16.6,5.33
176,23200.0,0.51,0.07022,4.05,6.02,47.2,5,296.0,16.6,10.11
177,24600.0,0.51,0.05425,4.05,6.315,73.4,5,296.0,16.6,6.29
178,29900.0,0.51,0.06642,4.05,6.86,74.4,5,296.0,16.6,6.92
179,37200.0,0.488,0.0578,2.46,6.98,58.4,3,193.0,17.8,5.04
180,39800.0,0.488,0.06588,2.46,7.765,83.3,3,193.0,17.8,7.56
181,36200.0,0.488,0.06888,2.46,6.144,62.2,3,193.0,17.8,9.45
182,37900.0,0.488,0.09103,2.46,7.155,92.2,3,193.0,17.8,4.82
183,32500.0,0.488,0.10008,2.46,6.563,95.6,3,193.0,17.8,5.68
184,26400.0,0.488,0.08308,2.46,5.604,89.8,3,193.0,17.8,13.98
185,29600.0,0.488,0.06047,2.46,6.153,68.8,3,193.0,17.8,13.15
186,50000.0,0.488,0.05602000000000001,2.46,7.831,53.6,3,193.0,17.8,4.45
187,32000.0,0.437,0.07875,3.44,6.782,41.1,5,398.0,15.2,6.68
188,29800.0,0.437,0.12579,3.44,6.556,29.1,5,398.0,15.2,4.56
189,34900.0,0.437,0.0837,3.44,7.185,38.9,5,398.0,15.2,5.39
190,37000.0,0.437,0.09068,3.44,6.951,21.5,5,398.0,15.2,5.1
191,30500.0,0.437,0.06911,3.44,6.739,30.8,5,398.0,15.2,4.69
192,36400.0,0.437,0.08664,3.44,7.178,26.3,5,398.0,15.2,2.87
193,31100.0,0.401,0.02187,2.93,6.8,9.9,1,265.0,15.6,5.03
194,29100.0,0.401,0.01439,2.93,6.604,18.8,1,265.0,15.6,4.38
195,50000.0,0.422,0.01381,0.46,7.875,32.0,4,255.0,14.4,2.97
196,33300.0,0.404,0.04011,1.52,7.287,34.1,2,329.0,12.6,4.08
197,30300.0,0.404,0.04666,1.52,7.107,36.6,2,329.0,12.6,8.61
198,34600.0,0.404,0.03768,1.52,7.274,38.3,2,329.0,12.6,6.62
199,34900.0,0.403,0.0315,1.47,6.975,15.3,3,402.0,17.0,4.56
200,32900.0,0.403,0.01778,1.47,7.135,13.9,3,402.0,17.0,4.45
201,24100.0,0.415,0.03445,2.03,6.162,38.4,2,348.0,14.7,7.43
202,42300.0,0.415,0.021769999999999998,2.03,7.61,15.7,2,348.0,14.7,3.11
203,48500.0,0.4161,0.0351,2.68,7.853,33.2,4,224.0,14.7,3.81
204,50000.0,0.4161,0.02009,2.68,8.034,31.9,4,224.0,14.7,2.88
205,22600.0,0.489,0.13642,10.59,5.891,22.3,4,277.0,18.6,10.87
206,24400.0,0.489,0.22969,10.59,6.326,52.5,4,277.0,18.6,10.97
207,22500.0,0.489,0.25199,10.59,5.783,72.7,4,277.0,18.6,18.06
208,24400.0,0.489,0.13587,10.59,6.064,59.1,4,277.0,18.6,14.66
209,20000.0,0.489,0.43571000000000004,10.59,5.344,100.0,4,277.0,18.6,23.09
210,21700.0,0.489,0.17446,10.59,5.96,92.1,4,277.0,18.6,17.27
211,19300.0,0.489,0.37578,10.59,5.404,88.6,4,277.0,18.6,23.98
212,22400.0,0.489,0.21719000000000002,10.59,5.807,53.8,4,277.0,18.6,16.03
213,28100.0,0.489,0.14052,10.59,6.375,32.3,4,277.0,18.6,9.38
214,23700.0,0.489,0.28955,10.59,5.412,9.8,4,277.0,18.6,29.55
215,25000.0,0.489,0.19802,10.59,6.182,42.4,4,277.0,18.6,9.47
216,23300.0,0.55,0.0456,13.89,5.888,56.0,5,276.0,16.4,13.51
217,28700.0,0.55,0.07013,13.89,6.642,85.1,5,276.0,16.4,9.69
218,21500.0,0.55,0.11069000000000001,13.89,5.951,93.8,5,276.0,16.4,17.92
219,23000.0,0.55,0.11425,13.89,6.373,92.4,5,276.0,16.4,10.5
220,26700.0,0.507,0.35809,6.2,6.951,88.5,8,307.0,17.4,9.71
221,21700.0,0.507,0.40771,6.2,6.164,91.3,8,307.0,17.4,21.46
222,27500.0,0.507,0.62356,6.2,6.879,77.7,8,307.0,17.4,9.93
223,30100.0,0.507,0.6147,6.2,6.618,80.8,8,307.0,17.4,7.6
224,44800.0,0.504,0.31533,6.2,8.266,78.3,8,307.0,17.4,4.14
225,50000.0,0.504,0.52693,6.2,8.725,83.0,8,307.0,17.4,4.63
226,37600.0,0.504,0.38214000000000004,6.2,8.04,86.5,8,307.0,17.4,3.13
227,31600.0,0.504,0.41238,6.2,7.163,79.9,8,307.0,17.4,6.36
228,46700.0,0.504,0.29819,6.2,7.686,17.0,8,307.0,17.4,3.92
229,31500.0,0.504,0.44178,6.2,6.552,21.4,8,307.0,17.4,3.76
230,24300.0,0.504,0.537,6.2,5.981,68.1,8,307.0,17.4,11.65
231,31700.0,0.504,0.46296000000000004,6.2,7.412,76.9,8,307.0,17.4,5.25
232,41700.0,0.507,0.57529,6.2,8.337,73.3,8,307.0,17.4,2.47
233,48300.0,0.507,0.33147,6.2,8.247,70.4,8,307.0,17.4,3.95
234,29000.0,0.507,0.44791000000000003,6.2,6.726,66.5,8,307.0,17.4,8.05
235,24000.0,0.507,0.33045,6.2,6.086,61.5,8,307.0,17.4,10.88
236,25100.0,0.507,0.52058,6.2,6.631,76.5,8,307.0,17.4,9.54
237,31500.0,0.507,0.51183,6.2,7.358,71.6,8,307.0,17.4,4.73
238,23700.0,0.428,0.08244,4.93,6.481,18.5,6,300.0,16.6,6.36
239,23300.0,0.428,0.09252,4.93,6.606,42.2,6,300.0,16.6,7.37
240,22000.0,0.428,0.11329000000000002,4.93,6.897,54.3,6,300.0,16.6,11.38
241,20100.0,0.428,0.10612,4.93,6.095,65.1,6,300.0,16.6,12.4
242,22200.0,0.428,0.1029,4.93,6.358,52.9,6,300.0,16.6,11.22
243,23700.0,0.428,0.12757000000000002,4.93,6.393,7.8,6,300.0,16.6,5.19
244,17600.0,0.431,0.20608,5.86,5.593,76.5,7,330.0,19.1,12.5
245,18500.0,0.431,0.19133,5.86,5.605,70.2,7,330.0,19.1,18.46
246,24300.0,0.431,0.33983,5.86,6.108,34.9,7,330.0,19.1,9.16
247,20500.0,0.431,0.19657,5.86,6.226,79.2,7,330.0,19.1,10.15
248,24500.0,0.431,0.16439,5.86,6.433,49.1,7,330.0,19.1,9.52
249,26200.0,0.431,0.19072999999999998,5.86,6.718,17.5,7,330.0,19.1,6.56
250,24400.0,0.431,0.1403,5.86,6.487,13.0,7,330.0,19.1,5.9
251,24800.0,0.431,0.21409,5.86,6.438,8.9,7,330.0,19.1,3.59
252,29600.0,0.431,0.08221,5.86,6.957,6.8,7,330.0,19.1,3.53
253,42800.0,0.431,0.36894,5.86,8.259,8.4,7,330.0,19.1,3.54
254,21900.0,0.392,0.04819,3.64,6.108,32.0,1,315.0,16.4,6.57
255,20900.0,0.392,0.035480000000000005,3.64,5.876,19.1,1,315.0,16.4,9.25
256,44000.0,0.394,0.015380000000000001,3.75,7.454,34.2,3,244.0,15.9,3.11
257,50000.0,0.647,0.61154,3.97,8.704,86.9,5,264.0,13.0,5.12
258,36000.0,0.647,0.66351,3.97,7.333,100.0,5,264.0,13.0,7.79
259,30100.0,0.647,0.65665,3.97,6.842,100.0,5,264.0,13.0,6.9
260,33800.0,0.647,0.5401100000000001,3.97,7.203,81.8,5,264.0,13.0,9.59
261,43100.0,0.647,0.5341199999999999,3.97,7.52,89.4,5,264.0,13.0,7.26
262,48800.0,0.647,0.5201399999999999,3.97,8.398,91.5,5,264.0,13.0,5.91
263,31000.0,0.647,0.82526,3.97,7.327,94.5,5,264.0,13.0,11.25
264,36500.0,0.647,0.55007,3.97,7.206,91.6,5,264.0,13.0,8.1
265,22800.0,0.647,0.76162,3.97,5.56,62.8,5,264.0,13.0,10.45
266,30700.0,0.647,0.7857,3.97,7.014,84.6,5,264.0,13.0,14.79
267,50000.0,0.575,0.57834,3.97,8.297,67.0,5,264.0,13.0,7.44
268,43500.0,0.575,0.5405,3.97,7.47,52.6,5,264.0,13.0,3.16
269,20700.0,0.464,0.09065,6.96,5.92,61.5,3,223.0,18.6,13.65
270,21100.0,0.464,0.29916,6.96,5.856,42.1,3,223.0,18.6,13.0
271,25200.0,0.464,0.16211,6.96,6.24,16.3,3,223.0,18.6,6.59
272,24400.0,0.464,0.1146,6.96,6.538,58.7,3,223.0,18.6,7.73
273,35200.0,0.464,0.22188000000000002,6.96,7.691,51.8,3,223.0,18.6,6.58
274,32400.0,0.447,0.05644,6.41,6.758,32.9,4,254.0,17.6,3.53
275,32000.0,0.447,0.09604,6.41,6.854,42.8,4,254.0,17.6,2.98
276,33200.0,0.447,0.10469,6.41,7.267,49.0,4,254.0,17.6,6.05
277,33100.0,0.447,0.061270000000000005,6.41,6.826,27.6,4,254.0,17.6,4.16
278,29100.0,0.447,0.07977999999999999,6.41,6.482,32.1,4,254.0,17.6,7.19
279,35100.0,0.4429,0.21038,3.33,6.812,32.2,5,216.0,14.9,4.85
280,45400.0,0.4429,0.03578,3.33,7.82,64.5,5,216.0,14.9,3.76
281,35400.0,0.4429,0.03705,3.33,6.968,37.2,5,216.0,14.9,4.59
282,46000.0,0.4429,0.06129,3.33,7.645,49.7,5,216.0,14.9,3.01
283,50000.0,0.401,0.015009999999999999,1.21,7.923,24.8,1,198.0,13.6,3.16
284,32200.000000000004,0.4,0.009059999999999999,2.97,7.088,20.8,1,285.0,15.3,7.85
285,22000.0,0.389,0.01096,2.25,6.453,31.9,1,300.0,15.3,8.23
286,20100.0,0.385,0.01965,1.76,6.23,31.5,1,241.0,18.2,12.93
287,23200.0,0.405,0.03871,5.32,6.209,31.3,6,293.0,16.6,7.14
288,22300.0,0.405,0.0459,5.32,6.315,45.6,6,293.0,16.6,7.6
289,24800.0,0.405,0.04297,5.32,6.565,22.9,6,293.0,16.6,9.51
290,28500.0,0.411,0.035019999999999996,4.95,6.861,27.9,4,245.0,19.2,3.33
291,37300.0,0.411,0.07886,4.95,7.148,27.7,4,245.0,19.2,3.56
292,27900.0,0.411,0.03615,4.95,6.63,23.4,4,245.0,19.2,4.7
293,23900.0,0.437,0.08265,13.92,6.127,18.4,4,289.0,16.0,8.58
294,21700.0,0.437,0.08199,13.92,6.009,42.3,4,289.0,16.0,10.4
295,28600.0,0.437,0.12932000000000002,13.92,6.678,31.1,4,289.0,16.0,6.27
296,27100.0,0.437,0.053720000000000004,13.92,6.549,51.0,4,289.0,16.0,7.39
297,20300.0,0.437,0.14103,13.92,5.79,58.0,4,289.0,16.0,15.84
298,22500.0,0.4,0.06466000000000001,2.24,6.345,20.1,5,358.0,14.8,4.97
299,29000.0,0.4,0.05561,2.24,7.041,10.0,5,358.0,14.8,4.74
300,24800.0,0.4,0.04417,2.24,6.871,47.4,5,358.0,14.8,6.07
301,22000.0,0.433,0.03537,6.09,6.59,40.4,7,329.0,16.1,9.5
302,26400.0,0.433,0.09266,6.09,6.495,18.4,7,329.0,16.1,8.67
303,33100.0,0.433,0.1,6.09,6.982,17.7,7,329.0,16.1,4.86
304,36100.0,0.472,0.05515,2.18,7.236,41.1,7,222.0,18.4,6.93
305,28400.0,0.472,0.05479,2.18,6.616,58.1,7,222.0,18.4,8.93
306,33400.0,0.472,0.07503,2.18,7.42,71.9,7,222.0,18.4,6.47
307,28200.0,0.472,0.049319999999999996,2.18,6.849,70.3,7,222.0,18.4,7.53
308,22800.0,0.544,0.49298000000000003,9.9,6.635,82.5,4,304.0,18.4,4.54
309,20300.0,0.544,0.3494,9.9,5.972,76.7,4,304.0,18.4,9.97
310,16100.000000000002,0.544,2.63548,9.9,4.973,37.8,4,304.0,18.4,12.64
311,22100.0,0.544,0.7904100000000001,9.9,6.122,52.8,4,304.0,18.4,5.98
312,19400.0,0.544,0.26169000000000003,9.9,6.023,90.4,4,304.0,18.4,11.72
313,21600.0,0.544,0.26938,9.9,6.266,82.8,4,304.0,18.4,7.9
314,23800.0,0.544,0.3692,9.9,6.567,87.3,4,304.0,18.4,9.28
315,16200.0,0.544,0.25356,9.9,5.705,77.7,4,304.0,18.4,11.5
316,17800.0,0.544,0.31827,9.9,5.914,83.2,4,304.0,18.4,18.33
317,19800.0,0.544,0.24522,9.9,5.782,71.7,4,304.0,18.4,15.94
318,23100.0,0.544,0.40202,9.9,6.382,67.2,4,304.0,18.4,10.36
319,21000.0,0.544,0.47547,9.9,6.113,58.8,4,304.0,18.4,12.73
320,23800.0,0.493,0.1676,7.38,6.426,52.3,5,287.0,19.6,7.2
321,23100.0,0.493,0.18159,7.38,6.376,54.3,5,287.0,19.6,6.87
322,20400.0,0.493,0.35114,7.38,6.041,49.9,5,287.0,19.6,7.7
323,18500.0,0.493,0.28392,7.38,5.708,74.3,5,287.0,19.6,11.74
324,25000.0,0.493,0.34109,7.38,6.415,40.1,5,287.0,19.6,6.12
325,24600.0,0.493,0.19186,7.38,6.431,14.7,5,287.0,19.6,5.08
326,23000.0,0.493,0.30346999999999996,7.38,6.312,28.9,5,287.0,19.6,6.15
327,22200.0,0.493,0.24103000000000002,7.38,6.083,43.7,5,287.0,19.6,12.79
328,19300.0,0.46,0.06617,3.24,5.868,25.8,4,430.0,16.9,9.97
329,22600.0,0.46,0.06724,3.24,6.333,17.2,4,430.0,16.9,7.34
330,19800.0,0.46,0.045439999999999994,3.24,6.144,32.2,4,430.0,16.9,9.09
331,17100.0,0.4379,0.050230000000000004,6.06,5.706,28.4,1,304.0,16.9,12.43
332,19400.0,0.4379,0.03466,6.06,6.031,23.3,1,304.0,16.9,7.83
333,22200.0,0.515,0.05083,5.19,6.316,38.1,5,224.0,20.2,5.68
334,20700.0,0.515,0.037380000000000004,5.19,6.31,38.5,5,224.0,20.2,6.75
335,21100.0,0.515,0.03961,5.19,6.037,34.5,5,224.0,20.2,8.01
336,19500.0,0.515,0.03427,5.19,5.869,46.3,5,224.0,20.2,9.8
337,18500.0,0.515,0.030410000000000003,5.19,5.895,59.6,5,224.0,20.2,10.56
338,20600.0,0.515,0.03306,5.19,6.059,37.3,5,224.0,20.2,8.51
339,19000.0,0.515,0.054970000000000005,5.19,5.985,45.4,5,224.0,20.2,9.74
340,18700.0,0.515,0.06151,5.19,5.968,58.5,5,224.0,20.2,9.29
341,32700.000000000004,0.442,0.013009999999999999,1.52,7.241,49.3,1,284.0,15.5,5.49
342,16500.0,0.518,0.024980000000000002,1.89,6.54,59.7,1,422.0,15.9,8.65
343,23900.0,0.484,0.02543,3.78,6.696,56.4,5,370.0,17.6,7.18
344,31200.0,0.484,0.030489999999999996,3.78,6.874,28.1,5,370.0,17.6,4.61
345,17500.0,0.442,0.03113,4.39,6.014,48.5,3,352.0,18.8,10.53
346,17200.0,0.442,0.06162,4.39,5.898,52.3,3,352.0,18.8,12.67
347,23100.0,0.429,0.0187,4.15,6.516,27.7,4,351.0,17.9,6.36
348,24500.0,0.435,0.015009999999999999,2.01,6.635,29.7,4,280.0,17.0,5.99
349,26600.0,0.429,0.02899,1.25,6.939,34.5,1,335.0,19.7,5.89
350,22900.0,0.429,0.062110000000000005,1.25,6.49,44.4,1,335.0,19.7,5.98
351,24100.0,0.411,0.0795,1.69,6.579,35.9,4,411.0,18.3,5.49
352,18600.0,0.411,0.07244,1.69,5.884,18.5,4,411.0,18.3,7.79
353,30100.0,0.41,0.01709,2.02,6.728,36.1,5,187.0,17.0,4.5
354,18200.0,0.413,0.04301,1.91,5.663,21.9,4,334.0,22.0,8.05
355,20600.0,0.413,0.10659,1.91,5.936,19.5,4,334.0,22.0,5.57
356,17800.0,0.77,8.98296,18.1,6.212,97.4,24,666.0,20.2,17.6
357,21700.0,0.77,3.8497,18.1,6.395,91.0,24,666.0,20.2,13.27
358,22700.0,0.77,5.20177,18.1,6.127,83.4,24,666.0,20.2,11.48
359,22600.0,0.77,4.26131,18.1,6.112,81.3,24,666.0,20.2,12.67
360,25000.0,0.77,4.541919999999999,18.1,6.398,88.0,24,666.0,20.2,7.79
361,19900.0,0.77,3.83684,18.1,6.251,91.1,24,666.0,20.2,14.19
362,20800.0,0.77,3.6782199999999996,18.1,5.362,96.2,24,666.0,20.2,10.19
363,16800.0,0.77,4.22239,18.1,5.803,89.0,24,666.0,20.2,14.64
364,21900.0,0.718,3.4742800000000003,18.1,8.78,82.9,24,666.0,20.2,5.29
365,27500.0,0.718,4.55587,18.1,3.561,87.9,24,666.0,20.2,7.12
366,21900.0,0.718,3.69695,18.1,4.963,91.4,24,666.0,20.2,14.0
367,23100.0,0.631,13.5222,18.1,3.863,100.0,24,666.0,20.2,13.33
368,50000.0,0.631,4.898219999999999,18.1,4.97,100.0,24,666.0,20.2,3.26
369,50000.0,0.631,5.669980000000001,18.1,6.683,96.8,24,666.0,20.2,3.73
370,50000.0,0.631,6.53876,18.1,7.016,97.5,24,666.0,20.2,2.96
371,50000.0,0.631,9.2323,18.1,6.216,100.0,24,666.0,20.2,9.53
372,50000.0,0.668,8.26725,18.1,5.875,89.6,24,666.0,20.2,8.88
373,13800.0,0.668,11.1081,18.1,4.906,100.0,24,666.0,20.2,34.77
374,13800.0,0.668,18.4982,18.1,4.138,100.0,24,666.0,20.2,37.97
375,15000.0,0.671,19.6091,18.1,7.313,97.9,24,666.0,20.2,13.44
376,13900.0,0.671,15.288,18.1,6.649,93.3,24,666.0,20.2,23.24
377,13300.0,0.671,9.82349,18.1,6.794,98.8,24,666.0,20.2,21.24
378,13100.0,0.671,23.6482,18.1,6.38,96.2,24,666.0,20.2,23.69
379,10200.0,0.671,17.8667,18.1,6.223,100.0,24,666.0,20.2,21.78
380,10400.0,0.671,88.9762,18.1,6.968,91.9,24,666.0,20.2,17.21
381,10900.0,0.671,15.8744,18.1,6.545,99.1,24,666.0,20.2,21.08
382,11300.0,0.7,9.18702,18.1,5.536,100.0,24,666.0,20.2,23.6
383,12300.0,0.7,7.9924800000000005,18.1,5.52,100.0,24,666.0,20.2,24.56
384,8800.0,0.7,20.0849,18.1,4.368,91.2,24,666.0,20.2,30.63
385,7200.0,0.7,16.8118,18.1,5.277,98.1,24,666.0,20.2,30.81
386,10500.0,0.7,24.3938,18.1,4.652,100.0,24,666.0,20.2,28.28
387,7400.0,0.7,22.5971,18.1,5.0,89.5,24,666.0,20.2,31.99
388,10200.0,0.7,14.3337,18.1,4.88,100.0,24,666.0,20.2,30.62
389,11500.0,0.7,8.15174,18.1,5.39,98.9,24,666.0,20.2,20.85
390,15100.0,0.7,6.96215,18.1,5.713,97.0,24,666.0,20.2,17.11
391,23200.0,0.7,5.29305,18.1,6.051,82.5,24,666.0,20.2,18.76
392,9700.0,0.7,11.5779,18.1,5.036,97.0,24,666.0,20.2,25.68
393,13800.0,0.693,8.64476,18.1,6.193,92.6,24,666.0,20.2,15.17
394,12700.0,0.693,13.3598,18.1,5.887,94.7,24,666.0,20.2,16.35
395,13100.0,0.693,8.71675,18.1,6.471,98.8,24,666.0,20.2,17.12
396,12500.0,0.693,5.87205,18.1,6.405,96.0,24,666.0,20.2,19.37
397,8500.0,0.693,7.67202,18.1,5.747,98.9,24,666.0,20.2,19.92
398,5000.0,0.693,38.3518,18.1,5.453,100.0,24,666.0,20.2,30.59
399,6300.0,0.693,9.91655,18.1,5.852,77.8,24,666.0,20.2,29.97
400,5600.0,0.693,25.0461,18.1,5.987,100.0,24,666.0,20.2,26.77
401,7200.0,0.693,14.2362,18.1,6.343,100.0,24,666.0,20.2,20.32
402,12100.0,0.693,9.59571,18.1,6.404,100.0,24,666.0,20.2,20.31
403,8300.0,0.693,24.8017,18.1,5.349,96.0,24,666.0,20.2,19.77
404,8500.0,0.693,41.5292,18.1,5.531,85.4,24,666.0,20.2,27.38
405,5000.0,0.693,67.9208,18.1,5.683,100.0,24,666.0,20.2,22.98
406,11900.0,0.659,20.7162,18.1,4.138,100.0,24,666.0,20.2,23.34
407,27900.0,0.659,11.9511,18.1,5.608,100.0,24,666.0,20.2,12.13
408,17200.0,0.597,7.40389,18.1,5.617,97.9,24,666.0,20.2,26.4
409,27500.0,0.597,14.4383,18.1,6.852,100.0,24,666.0,20.2,19.78
410,15000.0,0.597,51.1358,18.1,5.757,100.0,24,666.0,20.2,10.11
411,17200.0,0.597,14.0507,18.1,6.657,100.0,24,666.0,20.2,21.22
412,17900.0,0.597,18.811,18.1,4.628,100.0,24,666.0,20.2,34.37
413,16300.0,0.597,28.6558,18.1,5.155,100.0,24,666.0,20.2,20.08
414,7000.0,0.693,45.7461,18.1,4.519,100.0,24,666.0,20.2,36.98
415,7200.0,0.679,18.0846,18.1,6.434,100.0,24,666.0,20.2,29.05
416,7500.0,0.679,10.8342,18.1,6.782,90.8,24,666.0,20.2,25.79
417,10400.0,0.679,25.9406,18.1,5.304,89.1,24,666.0,20.2,26.64
418,8800.0,0.679,73.5341,18.1,5.957,100.0,24,666.0,20.2,20.62
419,8400.0,0.718,11.8123,18.1,6.824,76.5,24,666.0,20.2,22.74
420,16700.0,0.718,11.0874,18.1,6.411,100.0,24,666.0,20.2,15.02
421,14200.0,0.718,7.022589999999999,18.1,6.006,95.3,24,666.0,20.2,15.7
422,20800.0,0.614,12.0482,18.1,5.648,87.6,24,666.0,20.2,14.1
423,13400.0,0.614,7.05042,18.1,6.103,85.1,24,666.0,20.2,23.29
424,11700.0,0.584,8.792119999999999,18.1,5.565,70.6,24,666.0,20.2,17.16
425,8300.0,0.679,15.8603,18.1,5.896,95.4,24,666.0,20.2,24.39
426,10200.0,0.584,12.2472,18.1,5.837,59.7,24,666.0,20.2,15.69
427,10900.0,0.679,37.6619,18.1,6.202,78.7,24,666.0,20.2,14.52
428,11000.0,0.679,7.36711,18.1,6.193,78.1,24,666.0,20.2,21.52
429,9500.0,0.679,9.33889,18.1,6.38,95.6,24,666.0,20.2,24.08
430,14500.0,0.584,8.49213,18.1,6.348,86.1,24,666.0,20.2,17.64
431,14100.0,0.584,10.0623,18.1,6.833,94.3,24,666.0,20.2,19.69
432,16100.000000000002,0.584,6.44405,18.1,6.425,74.8,24,666.0,20.2,12.03
433,14300.0,0.713,5.5810699999999995,18.1,6.436,87.9,24,666.0,20.2,16.22
434,11700.0,0.713,13.9134,18.1,6.208,95.0,24,666.0,20.2,15.17
435,13400.0,0.74,11.1604,18.1,6.629,94.6,24,666.0,20.2,23.27
436,9600.0,0.74,14.4208,18.1,6.461,93.3,24,666.0,20.2,18.05
437,8700.0,0.74,15.1772,18.1,6.152,100.0,24,666.0,20.2,26.45
438,8400.0,0.74,13.6781,18.1,5.935,87.9,24,666.0,20.2,34.02
439,12800.0,0.74,9.39063,18.1,5.627,93.9,24,666.0,20.2,22.88
440,10500.0,0.74,22.0511,18.1,5.818,92.4,24,666.0,20.2,22.11
441,17100.0,0.74,9.72418,18.1,6.406,97.2,24,666.0,20.2,19.52
442,18400.0,0.74,5.66637,18.1,6.219,100.0,24,666.0,20.2,16.59
443,15400.0,0.74,9.96654,18.1,6.485,100.0,24,666.0,20.2,18.85
444,10800.0,0.74,12.8023,18.1,5.854,96.6,24,666.0,20.2,23.79
445,11800.0,0.74,10.6718,18.1,6.459,94.8,24,666.0,20.2,23.98
446,14900.0,0.74,6.288069999999999,18.1,6.341,96.4,24,666.0,20.2,17.79
447,12600.0,0.74,9.92485,18.1,6.251,96.6,24,666.0,20.2,16.44
448,14100.0,0.713,9.329089999999999,18.1,6.185,98.7,24,666.0,20.2,18.13
449,13000.0,0.713,7.52601,18.1,6.417,98.3,24,666.0,20.2,19.31
450,13400.0,0.713,6.71772,18.1,6.749,92.6,24,666.0,20.2,17.44
451,15200.0,0.713,5.44114,18.1,6.655,98.2,24,666.0,20.2,17.73
452,16100.000000000002,0.713,5.09017,18.1,6.297,91.8,24,666.0,20.2,17.27
453,17800.0,0.713,8.24809,18.1,7.393,99.3,24,666.0,20.2,16.74
454,14900.0,0.713,9.513630000000001,18.1,6.728,94.1,24,666.0,20.2,18.71
455,14100.0,0.713,4.75237,18.1,6.525,86.5,24,666.0,20.2,18.13
456,12700.0,0.713,4.668830000000001,18.1,5.976,87.9,24,666.0,20.2,19.01
457,13500.0,0.713,8.20058,18.1,5.936,80.3,24,666.0,20.2,16.94
458,14900.0,0.713,7.75223,18.1,6.301,83.7,24,666.0,20.2,16.23
459,20000.0,0.713,6.80117,18.1,6.081,84.4,24,666.0,20.2,14.7
460,16400.0,0.713,4.812130000000001,18.1,6.701,90.0,24,666.0,20.2,16.42
461,17700.0,0.713,3.69311,18.1,6.376,88.4,24,666.0,20.2,14.65
462,19500.0,0.713,6.65492,18.1,6.317,83.0,24,666.0,20.2,13.99
463,20200.0,0.713,5.82115,18.1,6.513,89.9,24,666.0,20.2,10.29
464,21400.0,0.655,7.83932,18.1,6.209,65.4,24,666.0,20.2,13.22
465,19900.0,0.655,3.1636,18.1,5.759,48.2,24,666.0,20.2,14.13
466,19000.0,0.655,3.7749800000000002,18.1,5.952,84.7,24,666.0,20.2,17.15
467,19100.0,0.584,4.422280000000001,18.1,6.003,94.5,24,666.0,20.2,21.32
468,19100.0,0.58,15.5757,18.1,5.926,71.0,24,666.0,20.2,18.13
469,20100.0,0.58,13.0751,18.1,5.713,56.7,24,666.0,20.2,14.76
470,19900.0,0.58,4.34879,18.1,6.167,84.0,24,666.0,20.2,16.29
471,19600.0,0.532,4.03841,18.1,6.229,90.7,24,666.0,20.2,12.87
472,23200.0,0.58,3.56868,18.1,6.437,75.0,24,666.0,20.2,14.36
473,29800.0,0.614,4.64689,18.1,6.98,67.6,24,666.0,20.2,11.66
474,13800.0,0.584,8.05579,18.1,5.427,95.4,24,666.0,20.2,18.14
475,13300.0,0.584,6.39312,18.1,6.162,97.4,24,666.0,20.2,24.1
476,16700.0,0.614,4.87141,18.1,6.484,93.6,24,666.0,20.2,18.68
477,12000.0,0.614,15.0234,18.1,5.304,97.3,24,666.0,20.2,24.91
478,14600.0,0.614,10.233,18.1,6.185,96.7,24,666.0,20.2,18.03
479,21400.0,0.614,14.3337,18.1,6.229,88.0,24,666.0,20.2,13.11
480,23000.0,0.532,5.8240099999999995,18.1,6.242,64.7,24,666.0,20.2,10.74
481,23700.0,0.532,5.7081800000000005,18.1,6.75,74.9,24,666.0,20.2,7.74
482,25000.0,0.532,5.73116,18.1,7.061,77.0,24,666.0,20.2,7.01
483,21800.0,0.532,2.81838,18.1,5.762,40.3,24,666.0,20.2,10.42
484,20600.0,0.583,2.37857,18.1,5.871,41.9,24,666.0,20.2,13.34
485,21200.0,0.583,3.6736699999999995,18.1,6.312,51.9,24,666.0,20.2,10.58
486,19100.0,0.583,5.69175,18.1,6.114,79.8,24,666.0,20.2,14.98
487,20600.0,0.583,4.8356699999999995,18.1,5.905,53.2,24,666.0,20.2,11.45
488,15200.0,0.609,0.15086,27.74,5.454,92.7,4,711.0,20.1,18.06
489,7000.0,0.609,0.18337,27.74,5.414,98.3,4,711.0,20.1,23.97
490,8100.0,0.609,0.20745999999999998,27.74,5.093,98.0,4,711.0,20.1,29.68
491,13600.0,0.609,0.10574000000000001,27.74,5.983,98.8,4,711.0,20.1,18.07
492,20100.0,0.609,0.11132,27.74,5.983,83.5,4,711.0,20.1,13.35
493,21800.0,0.585,0.17331,9.69,5.707,54.0,6,391.0,19.2,12.01
494,24500.0,0.585,0.27957,9.69,5.926,42.6,6,391.0,19.2,13.59
495,23100.0,0.585,0.17899,9.69,5.67,28.8,6,391.0,19.2,17.6
496,19700.0,0.585,0.2896,9.69,5.39,72.9,6,391.0,19.2,21.14
497,18300.0,0.585,0.26838,9.69,5.794,70.6,6,391.0,19.2,14.1
498,21200.0,0.585,0.23911999999999997,9.69,6.019,65.3,6,391.0,19.2,12.92
499,17500.0,0.585,0.17783,9.69,5.569,73.5,6,391.0,19.2,15.1
500,16800.0,0.585,0.22438000000000002,9.69,6.027,79.7,6,391.0,19.2,14.33
501,22400.0,0.573,0.06262999999999999,11.93,6.593,69.1,1,273.0,21.0,9.67
502,20600.0,0.573,0.04527,11.93,6.12,76.7,1,273.0,21.0,9.08
503,23900.0,0.573,0.06076,11.93,6.976,91.0,1,273.0,21.0,5.64
504,22000.0,0.573,0.10959,11.93,6.794,89.3,1,273.0,21.0,6.48
505,11900.0,0.573,0.04741,11.93,6.03,80.8,1,273.0,21.0,7.88
